ASIN,ItemID,CustomLabel
B07NC1H7ZK,363069243020,SKU0541
B003MPKA78,363069243021,SKU00680
B0042FZJ0K,363069243022,SKU0394
B00652C29Y,363069243023,SKU0464
B00ELJDAVM,363069243024,SKU00660
B00PBOLSTC,363069243025,SKU0383
B0000E5SEQ,363069243026,SKU0411
B077Y8G5YN,363069243028,SKU00591
B0014WJAOU,363069243029,SKU0570
B00HRRCC2I,363069243030,SKU00676
B002C79CMQ,363069243033,SKU00637
B07HZMTKQ5,363069243034,SKU0536
B004P15FLE,363069243035,SKU00688
B07B4SR992,363069243036,SKU00654
B004QOKYCU,363069243037,SKU0460
B0002BUQ24,363069243038,SKU00612
B001DQESXA,363069243041,SKU00627
1916300405,363069243042,SKU00661
B01N6T5W4Z,363069243043,SKU0509
B000SDQ1TI,363069243044,SKU00636
B00R1F1ZRE,363069243045,SKU00672
B00187TTUQ,363069243046,SKU0407
B01CAFYIF0,363069243047,SKU00646
164001117X,363069243048,SKU00641
B0160RIB52,363069243049,SKU00578
B01KZN0IJY,363069243050,SKU00628
B076TMF5TD,363069243051,SKU0518
B071LHJS7Y,363069243052,SKU0386
1789080657,363069243053,SKU00633
B007L7ABDQ,363069243054,SKU00603
B0073HOZ6S,363069243055,SKU00668
B081QX9V2Y,363069243056,SKU0555
B008H39XQO,363069243057,SKU00647
B01DO8QHGU,363069243058,SKU00576
B00B5C2816,363069243059,SKU0470
B078W926JQ,363069243060,SKU0523
B0001M0H3W,363069243062,SKU00665
B07R9ZNPTH,363069243063,SKU0543
B00LS5NFQ2,363069243064,SKU00664
B00UNJTJW8,363069243067,SKU00592
B07482RBQC,363069243068,SKU00656
B075S4K5R8,363069243069,SKU0517
B000X29GE6,363069243070,SKU00593
B005VPNGVE,363069243071,SKU00689
B078J43T9V,363069243073,SKU0424
B000VPL7UQ,363069243074,SKU00645
B00FWRVUJ6,363069243075,SKU0562
B0026MT3OO,363069243076,SKU00606
B07S6BCC74,363069243077,SKU0544
B07YCGLFTZ,363069243078,SKU0551
B00EHGUP5S,363069243079,SKU00655
B000TAQU4Q,363069243080,SKU00677
B0753KDX1J,363069243083,SKU0515
B0042GK2UQ,363069243084,SKU0458
B000LFRSL8,363069243082,SKU00601
B009OXQ3WI,363069243085,SKU0469
B0032NEX96,363069243087,SKU00670
B00SJ95NZG,363069243088,SKU0403
B07CVDGRPV,363069243089,SKU0527
B07N81VPDQ,363069243090,SKU0540
B000LFRYD0,363069243092,SKU00616
B000TARC7A,363069243093,SKU00674
B079Y882CJ,363069243094,SKU0567
B00ABOLZOA,363069243095,SKU0566
B00G74AL9S,363069243096,SKU0482
B00XJIYQF0,363069243097,SKU00667
B07GS6ZB7T,363069243098,SKU0534
B01BSB56OY,363069243099,SKU0503
0692168729,363069243100,SKU00659
1979601739,363069243101,SKU00669
B00HCNQL2E,363069243102,SKU0485
B01DJBHE9G,363069243103,SKU0504
B081S22ZNS,363069243104,SKU0382
B07JGK8B8G,363069243105,SKU00631
B019Z6SYIE,363069243106,SKU0558
B07V3MNKMG,363069243107,SKU0404
B00FWQXWH0,363069243108,SKU0564
B013XC64J2,363069243109,SKU00615
B00S89EGT6,363069243110,SKU0491
B001RYSEVK,363069243111,SKU00663
B001554X7U,363069243113,SKU00624
1409591220,363069243115,SKU00666
B004L4FM7M,363069243116,SKU0422
B07TFFNMM1,363069243117,SKU0546
B0012RI42G,363069243118,SKU00617
B005BDB582,363069243119,SKU00614
B000CK26VO,363069243120,SKU00586
B0037EEK7A,363069243121,SKU0453
B081QXQ86Y,363069243123,SKU0556
B000VON73W,363069243124,SKU0447
B00STWBUY6,363069243125,SKU0492
B001CSUJCI,363069243126,SKU00573
B07NXJ56FX,363069243127,SKU0406
B07Q9T6BDL,363069243130,SKU0542
B0017TQMBE,363069243128,SKU0448
B00002N5R7,363069243129,SKU00585
B0009VX200,363069243131,SKU00600
B002Q0I2SE,363069243132,SKU0398
B01DUXO93C,363069243133,SKU0559
B00389H738,363069243135,SKU0454
B00IG0HE4G,363069243136,SKU00671
B003CT4DB8,363069243137,SKU00605
B07Z46M7ZC,363069243138,SKU0552
B000KVJMVW,363069243139,SKU00635
B07N9DZ673,363069243140,SKU00618
B01MUE9808,363069243141,SKU0075
B009E29I1M,363069243142,SKU00580
B000NJUWME,363069243144,SKU00650
B07DLYRPJ4,363069243145,SKU00587
B07LD73TQW,363069243146,SKU0538
B07NW673F7,363069243147,SKU0316
B006A2JSTQ,363069243148,SKU0077
B00JIL802C,363069243149,SKU00588
B01KHM3LLK,363069243150,SKU0506
B07J9HYSCB,363069243151,SKU00613
B07SPLQD1Z,363069243152,SKU00597
B0753KBSNP,363069243153,SKU0514
B003XLBZNO,363069243154,SKU00619
B07Z3YFK87,363069243155,SKU0560
B007O7AYYE,363069243156,SKU0466
B07W5JKFQC,363069243157,SKU0547
B0062OF5L2,363069243158,SKU0463
B007O7AZBG,363069243159,SKU0467
B07DJ31Q1C,363069243160,SKU0532
B07ZGGJ1W8,363069243161,SKU0553
B004MA1922,363069243162,SKU00598
B01N32UI37,363069243164,SKU00620
B01LFGOH6A,363069243168,SKU0507
B076Q8MV1G,363069243169,SKU00595
B00026LJRK,363069243171,SKU00648
B004XNLCKW,363069243172,SKU00632
B00DWY23ME,363069243173,SKU00608
B003WUGR6G,363069243174,SKU00649
B004KKXBFW,363069243175,SKU0459
B001EQTTTW,363069243176,SKU00610
B000Y8GMUU,363069243177,SKU00582
B07KWHW9SN,363069243179,SKU00584
B00009YNGE,363069243183,SKU0437
B07CCDW83W,363069243184,SKU00639
B00LFBEOUA,363069243182,SKU0486
B00EV3ZHNC,363069243185,SKU00653
B00HZRC7IO,363069243186,SKU00594
B00S2WDIGG,363069243187,SKU0490
B07FYKFV3Y,363069243188,SKU0533
B081CW36M9,363069243189,SKU0554
B00V5U4KH8,363069243190,SKU00652
B000RPLZAM,363069243191,SKU0445
B00N9506RA,363069243192,SKU00642
B073J26JMP,363069243193,SKU00579
B000EULJLU,363069243194,SKU0442
B07YGM6RD5,363069243195,SKU0397
B077Y5W7DW,363069243196,SKU00577
B076DFHPS5,363069243198,SKU0388
B000FII3YM,363069243199,SKU00599
B001TM6XWW,363069243200,SKU00590
B017XGC3XU,363069243201,SKU0502
B07GV7Z5TY,363069243202,SKU00638
B06X91R7BM,363069243203,SKU0511
B07CVCTM3D,363069243204,SKU0385
B00H8W7N80,363069243205,SKU0484
B01ABXDKRU,363069243206,SKU00640
B000C1W0UK,363069243207,SKU0439
B07W8WL7WJ,363069243208,SKU0548
B01B4LKIPA,363069243209,SKU00571
B002SPRZQW,363069243210,SKU0410
B07T8JKVNT,363069243211,SKU00679
B0080D1Q52,363069243212,SKU0421
B000JL7WQK,363069243213,SKU0443
B01K7LQ7H6,363069243214,SKU0401
B000BFJ7G2,363069243215,SKU00634
B06VVXGSYS,363069243216,SKU0510
B010SV32KK,363069243217,SKU0496
B00QPNVC0I,363069243218,SKU0489
B00W8NNH34,363069243219,SKU0493
B004R9POBU,363069243221,SKU00575
B00009YNGD,363069243222,SKU0436
B0751GYLTR,363069243223,SKU0513
B07FNRXZ4G,363069243224,SKU0387
B000C2376U,363069243225,SKU0440
B000P255VM,363069243227,SKU0444
B0759L45CG,363069243226,SKU0516
B000VOLKEA,363069243230,SKU0446
B00EPEKG56,363069243231,SKU0475
B003LQLPHW,363069243232,SKU0456
B06XSPS1FY,363069243233,SKU0512
B016PW3JSG,363069243234,SKU00581
B005SSQIXW,363069243235,SKU0389
B074XP4CGF,363069243236,SKU00681
B00X4SCCFG,363069243238,SKU0495
B07K88RV9T,363069243239,SKU0390
B0166VFP3I,363069243240,SKU0501
B007SOV4JM,363069243241,SKU00683
B00H3CXGTU,363069243242,SKU0483
B0756GW8SJ,363069243243,SKU0414
B00CCMKWZ2,363069243244,SKU0412
B000JTR8CA,363069243245,SKU00609
B0077LSMEQ,363069243246,SKU0465
B00843M2TW,363069243247,SKU0399
B00178QQJ8,363069243706,SKU0372
B005F2OUT0,363069243713,SKU0362
B000KHVKSY,363069243711,SKU0296
B004EK3KPY,363069243712,SKU0148
B078YFDVFB,363069243716,SKU0324
B075GWF936,363069243717,SKU0307
B00AWMV9CY,363069243719,SKU0198
B009ETFSCI,363069243720,SKU0370
B015FE4AL0,363069243721,SKU0292
B000YJ7K1E,363069243722,SKU0361
B01CNEM3EG,363069243723,SKU0357
B015FE4APQ,363069243724,SKU0241
B001L93S3K,363069243726,SKU0249
B01DXSJP2O,363069243728,SKU0153
B01D8E1F8U,363069243729,SKU0305
B01BY4FFEQ,363069243730,SKU0279
B0042UE3XY,363069243731,SKU0194
B07DQR8MZ1,363069243732,SKU0209
B003L10S2K,363069243733,SKU0363
B006H4T93C,363069243735,SKU0353
B00FGUUW16,363069243736,SKU0367
B00PSKQH18,363069243738,SKU0121
B00B1NKPRS,363069243739,SKU0313
B0000E5SES,363069243740,SKU0337
B000PBWCBE,363069243741,SKU0137
B001GMH9DW,363069243743,SKU0100
B07LCC115H,363069243744,SKU0358
B005OQB2L6,363069243750,SKU0272
B00LNCFRYS,363069243742,SKU0188
B07H45NV4F,363069243745,SKU0286
B00P2HSQJS,363069243746,SKU0381
B085JKQXDJ,363069243747,SKU0118
B000ICRJQI,363069243749,SKU0360
B000TAY2EQ,363069243751,SKU0271
B002B550D4,363069243752,SKU0197
B0013NCXVM,363069243753,SKU0158
B0030G21B2,363069243754,SKU0376
B07DF465PV,363069243756,SKU0379
B01I4ZCNU2,363069243757,SKU0200
B00I4T6GHU,363069243758,SKU0165
B000J6BP68,363069243761,SKU0255
B07SQ1CHZZ,363069243762,SKU0141
B01BL2ZH0S,363069243763,SKU0345
B005IPPBNI,363069243764,SKU0339
B000PVHDHM,363069243765,SKU0366
B004ULOYFM,363069243766,SKU0168
B005G1L1UQ,363069243767,SKU0261
B002HMTXLQ,363069243769,SKU0225
B004ZKA1RI,363069243770,SKU0314
B001JJYZN4,363069243771,SKU0142
B015E4X4DQ,363069243772,SKU0235
B00KJ8FGKC,363069243774,SKU0243
B003M343UU,363069243775,SKU0135
B00OVQUQHG,363069243776,SKU0355
B00014FU0U,363069243777,SKU0179
B07CWSKG2T,363069243778,SKU0268
B006XBT25E,363069243779,SKU0233
B00754EPB4,363069243780,SKU0287
B001JB25NO,363069243781,SKU0350
B0132HCADC,363069243782,SKU0234
B00478DDT6,363069243783,SKU0354
B000RVYV3E,363069243784,SKU0270
B01D4R2SRI,363069243785,SKU0289
B01A18L88I,363069243787,SKU0186
B0014LJKUA,363069243788,SKU0341
B01LXKR35T,363069243789,SKU0332
B01F3B9ZY2,363069243794,SKU0156
B00P2OVGQ6,363069243786,SKU0226
B01AYHOWLG,363069243791,SKU0082
B0791GBVY1,363069243793,SKU0214
B07GP6MTSS,363069243795,SKU0325
B01ERGE9AY,363069243796,SKU0283
B00R86DN62,363069243797,SKU0210
B006XBT39Y,363069243798,SKU0163
B00CPNQXNS,363069243799,SKU0291
B01D4GA4AM,363069243800,SKU0140
B000Y8LOS0,363069243801,SKU0348
B002TIJ1HY,363069243802,SKU0264
B07RDRHGD2,363069243803,SKU0263
B001G7PYGG,363069243804,SKU0299
B00LPIDLCA,363069243805,SKU0181
B006DIA77E,363069243806,SKU0293
B00ISQFAY4,363069243807,SKU0334
B00095L3HA,363069243808,SKU0342
B06WP2XQD1,363069243809,SKU0333
B078L3WJWM,363069243810,SKU0319
B003NDV7OY,363069243811,SKU0216
8340005,363069243814,SKU0213
B005ZALTC8,363069243816,SKU0229
B001GFC0X8,363069243817,SKU0308
B00IGCZ5MC,363069243818,SKU0228
B07BQ5DH7T,363069243819,SKU0187
B00097CDHC,363069243820,SKU0252
B001B5DIQG,363069243822,SKU0375
B071CP6BQD,363069243823,SKU0338
B0031NSIIE,363069243824,SKU0217
B0051ZH9DU,363069243825,SKU0184
B0000AN3QI,363069243826,SKU0155
B005UVUS9M,363069243827,SKU0327
B00TM2F8W2,363069243828,SKU0171
B07M5TB164,363069243829,SKU0369
B00QJ2CBAA,363069243830,SKU0326
B003EGYZLC,363069243832,SKU0330
B01MZ6RNWC,363069243833,SKU0352
B075WYKW1Q,363069243834,SKU0278
B004STFO5A,363069243837,SKU0282
B00505ANI4,363069243838,SKU0150
B008JE5FQS,363069243831,SKU0377
B009S2IVMK,363069243835,SKU0280
B000S858L0,363069243839,SKU0236
B06XPD1X1H,363069243840,SKU0146
B00G37698Q,363069243841,SKU0322
B00DP30SWE,363069243842,SKU0328
B0055429GO,363069243843,SKU0321
B001BB1XBC,363069243844,SKU0145
B003YD1VCG,363069243845,SKU0220
B000ORWKY8,363069243846,SKU0246
B07Q7DGJYD,363069243847,SKU0133
B0044090GC,363069243848,SKU0132
B00NQ9SGKS,363069243849,SKU0244
B001VEJ140,363069243850,SKU0212
B0074K1HRE,363069243851,SKU0128
B006WYBLE2,363069243852,SKU0242
B01FFRU1RO,363069243853,SKU0139
B00P7SIVAQ,363069243854,SKU0189
B072MZZBT5,363069243855,SKU0344
B0050ND8NI,363069243856,SKU0134
B00C6QAAB0,363069243857,SKU0368
B01JYXFHEW,363069243858,SKU0223
B00OLZ6YKK,363069243859,SKU0239
B003KTM66E,363069243860,SKU0364
B000Q7G7S6,363069243861,SKU0253
B000XIZQ2Q,363069243862,SKU0257
B00JB4AODE,363069243863,SKU0161
B004CG1HZ0,363069243864,SKU0259
B07C7WYYJM,363069243865,SKU0190
B00GNDSPBE,363069243866,SKU0204
B00EZQ5WDA,363069243867,SKU0191
B07BMHK5BX,363069243868,SKU0320
B00N4QRDVQ,363069243869,SKU0294
B008HQ63LO,363069243870,SKU0351
B01AY03EGC,363069243871,SKU0117
B006EI0OLM,363069243875,SKU0130
B07QNDN7BG,363069243876,SKU0317
B002KQ5CM8,363069243877,SKU0284
B0057X87PK,363069243884,SKU0238
B00AFVB41S,363069243873,SKU0248
B008BGRXXM,363069243874,SKU0112
B00CN9AKWE,363069243879,SKU0195
B07PWHGQSS,363069243880,SKU0276
B00WSSFTN0,363069243881,SKU0127
B00AYRZYG4,363069243882,SKU0231
B01B3BDPN8,363069243883,SKU0329
B000T9QZAG,363069243885,SKU0201
B001B2I4WM,363069243886,SKU0124
B00122ZKXM,363069243888,SKU0218
B00UNWOR90,363069243889,SKU0301
B003TJ9ZYG,363069243890,SKU0157
B00KKE8CC4,363069243891,SKU0221
B077T9391Z,363069243892,SKU0125
B07QWV5JPC,363069243894,SKU0346
B00CMR3H0O,363069243895,SKU0265
B01C6ZWAQI,363069243896,SKU0222
B003LGZCZ8,363069243897,SKU0152
B00280HM7Y,363069243898,SKU0318
B00CKRJX4A,363069243899,SKU0349
B00752K0OC,363069243900,SKU0129
B00VHLY9VC,363069243901,SKU0164
B015ZK3TE8,363069243902,SKU0154
B002MEUFKW,363069243904,SKU0147
B003U2S53E,363069243905,SKU0306
1908261196,363069243906,SKU0281
B07YGQBHJL,363069243907,SKU0227
B002Q0M5A0,363069243909,SKU0123
B01N7VARIG,363069243910,SKU0131
B01J3ZF4S0,363069243911,SKU0215
B00MBIJO0G,363069243912,SKU0159
B01F8W7CF0,363069243913,SKU0312
B00ELA0CL2,363069243914,SKU0274
B005EF0I7Q,363069243915,SKU0160
B0001IX56M,363069243916,SKU0359
B0013GATGK,363069243917,SKU0144
B0002I9OA2,363069243920,SKU0237
B075F9VBD9,363069243921,SKU0167
B01JYXFHRE,363069243923,SKU0120
B07DHML8R3,363069243919,SKU0340
B00I9BM7N0,363069243922,SKU0178
B019DQFZLU,363069243924,SKU0113
B017CZJDVW,363069243925,SKU0192
B0013GNM78,363069243926,SKU0285
B07BFFBLNK,363069243928,SKU0177
B07BFPKCGR,363069243929,SKU0247
B07176RNWP,363069243930,SKU0224
B014H54BXU,363069243931,SKU0211
B01MATK7UY,363069243932,SKU0175
B07P3G74L9,363069243934,SKU0205
B00CXP0A8M,363069243935,SKU0331
B0002EXY7K,363069243936,SKU0288
2370990074,363069243938,SKU0206
B0018D2QCI,363069243939,SKU0114
B072F6X8TP,363069245086,ZWpTXFZSc2U=
B075R5DQ5R,363069245091,YmlXWVtSfQ==
B01D886TE6,363069245092,ZGxTVF1WfQ==
B000E60N84,363069245094,SKU0068
B011O6ZY40,363069245096,ZGxRX1lWcQ==
B06XPWZ915,363069245097,SKU0057
B079ZKFB7V,363069245098,ZGhTXVtWfWI=
B00P2HSQJS,363069245100,SKU0032
B0056PS7Y0,363069245102,SKU0083
B0037LIZKQ,363069245105,SKU0106
1982128402,363069245118,Y29XXVdQdGQ=
B0132HCADC,363069245090,SKU0016
B002MVPPO6,363069245106,SKU0023
B01AYHOWLG,363069245107,SKU0020
B006UF2688,363069245108,SKU0089
B00096ZTRY,363069245110,YG9VXFpScGw=
B000YJDF0Y,363069245111,SKU0047
B00154ZU46,363069245117,YWpUWltRcQ==
1407143492,363069245120,YG1TXF5ZdmE=
B000LCX4YG,363069245121,SKU0027
B013G2VIHC,363069245123,ZG5dXFhWcw==
B000LCX4YG,363069245124,SKU0085
B00J5ERXZM,363069245125,SKU0110
B00VK3STU4,363069245127,Z2xUVFlUfWE=
1090581335,363069245128,ZWxRXlZWfGI=
B00CU5F7GU,363069245129,Z2pQXllTcw==
B003A4HPW4,363069245131,SKU0101
1405921196,363069245132,YGtSX1tT
B0723DKS9C,363069245133,bmhcW1dQdw==
B07BMHK5BX,363069245134,SKU0013
B003ZJ8FAA,363069245136,ZG9SVV9WcQ==
B005PN2H5I,363069245137,Z2lQXFtVfQ==
B001N86A8E,363069245138,Z2pXXFpUdWE=
B0018BW48Q,363069245139,SKU0097
B0044MH4OA,363069245142,Z2tRWVpTd2M=
B01GEAGRM4,363069245145,YG1TXF5Zc2E=
B001XSM04C,363069245146,ZGxTVFxSdw==
B005DUW6EK,363069245147,SKU0103
B0756GW8SJ,363069245148,SKU0028
B00478DDT6,363069245149,SKU0015
B073V4SRBZ,363069245150,YWpUXFdTfQ==
1838541578,363069245151,YG1TXF5Zdm0=
B07NXJ56FX,363069245153,SKU0009
B076GT6XJ9,363069245154,SKU0080
B00BG2X44K,363069245155,Z2lQXFZUdA==
1530746442,363069245156,YG1TXF5Zc2I=
B00K2TO0IW,363069245158,YGlRWVtUdg==
184919887X,363069245161,ZGBQWVhSfQ==
B0000VMN04,363069245163,Z2lQX1tZdQ==
B00B4CBFWA,363069245166,ZWhcVVhTfQ==
B079JGNWJF,363069245173,Y2hWWF1SdGI=
B0017VGWEO,363069245168,SKU0078
B00U2DWRD8,363069245170,ZW9WW15Xdw==
B01H3K2TE4,363069245171,ZG5UX1hWdWY=
B000X45I1Y,363069245172,SKU0102
B001W7GWCK,363069245174,SKU0046
B00237LTJ4,363069245176,Z25QW15Vc2A=
B00FDUUHV4,363069245177,Z2xSX15Sdg==
B00KESZNRS,363069245178,YWxTX15YdA==
B007TSU0E2,363069245179,SKU0069
B000068OT2,363069245180,YG1TXF5Zd2Q=
B008423H7O,363069245187,Y21WW1hRdGM=
B00K2U4HIY,363069245188,Z25RXVdTdg==
B077P8GJRG,363069245191,Z2tQXF1Sd2I=
B00C3D0CDM,363069245193,ZG9SWF9ZdGw=
B07BK7HZ2L,363069245194,ZWhQWFdQc2U=
B016DFAIIE,363069245196,Z2xVX1pTfWw=
B01HNUSIJ4,363069245197,ZWpXXVtScGA=
B001DXK6CU,363069245198,SKU0086
B076KDTPJ4,363069245200,Z2pdX1pTd2c=
1784048542,363069245203,Y25QX19Rdw==
1789081475,363069245204,YG1TXF5ZdWI=
B003M343UU,363069245206,SKU0024
B00BN1TW7C,363069245208,SKU0034
B004R9B19Y,363069245209,bmFSWFdTcQ==
B07LCC115H,363069245212,SKU0019
B015WBFHNG,363069245213,bmlSWlxUfA==
751565369,363069245214,ZGBQXVZQdQ==
B00A8K048U,363069245215,ZWlVVF5QfWQ=
B00CCMKWZ2,363069245217,SKU0036
B072XFTHJZ,363069245219,b2hcVVdWcA==
1854861468,363069245220,YG1TXF5ZdWA=
B06XB77CSH,363069245225,SKU0002
1529023068,363069245227,YmBSX1dUcGE=
B0017NQLDO,363069245228,YG1TXF5Zd2U=
B01DSSO6VY,363069245229,SKU0071
B00B5RFOMQ,363069245230,Z2pQXltScQ==
B00B5RFOMQ,363069245230,Z2pQXltScQ==
B00B5RFOMQ,363069245262,Z2pQXltScQ==
B00B5RFOMQ,363069245262,Z2pQXltScQ==
B07K1KY2WT,363069245231,Y2xUX1pTcWE=
B015ZK3TE8,363069245232,SKU0044
B00BEXP5MA,363069245233,Z2hdVFlYfA==
B01D886TLE,363069245236,bmhdWVdY
B000ZSW6EK,363069245238,ZWxdXF9SdA==
B0096ND8HE,363069245240,Y25SX1tWdw==
B0001P16XO,363069245235,YGtTW1ZZ
B00N414T7W,363069245241,SKU0094
B00T7ULUE4,363069245249,Z2BXX1ZVcQ==
B07C7WYYJM,363069245251,SKU0011
B0002VL9PW,363069245256,SKU0039
B07F99WH5Y,363069245258,Y2lSXl5Wcmc=
B01AHQZMN6,363069245260,SKU0076
B00OLZ6YKK,363069245261,SKU0007
B07X87R1TD,363069245263,SKU0064
B00CRBTG5U,363069245264,SKU0059
B00CGPKDJU,363069245269,Y21cWl9QdQ==
B073XRRK68,363069245270,b21WWFZZfQ==
B00N5UO9UE,363069245272,SKU0098
B06WP2XQD1,363069245273,SKU0043
B07DX55KVR,363069245274,ZWhWXltVdGM=
B002NH0EC2,363069245277,ZGBRVFtTfQ==
B003MPEP4M,363069245278,SKU0092
1405933941,363069245279,YWpSW15Ucg==
B00YTYV8YA,363069245280,Z2FVVVtVdg==
1723764515,363069245283,ZG9dVVpVcGE=
B000X45I1Y,363069245285,SKU0038
B073HGLWLH,363069245286,ZWtVXllVfA==
B008JE5FQS,363069245287,SKU0029
B006DX82SK,363069245290,Z2pTX11WcQ==
B01M26II4X,363069245291,ZGhTVV1ScA==
B071LHJS7Y,363069245292,SKU0042
1787331350,363069245294,Y2tRVFtXfWU=
B000KMF8DM,363069245296,YmtdW1lYcQ==
1789081718,363069245297,Y25SVVtVfGY=
B01AHQZMN6,363069245298,SKU0012
B076GT6XJ9,363069245300,SKU0040
B000HEH3K4,363069245303,YG9VXFpSdm0=
B006ZKXHFE,363069245305,SKU0065
B007FB3YBO,363069245306,ZGBRVFdTfA==
B00BCHUD3O,363069245307,SKU0058
B014H54CUW,363069245308,SKU0099
B07GRVRTY6,363069245309,YG9VXFpScWw=
B001AIQ0NC,363069245318,SKU0084
B07K8SD2K2,363069245320,SKU0090
B004W78EFK,363069245310,YG1TWF5Scg==
B00QGAIE24,363069245317,SKU0067
B00ELA0CL2,363069245319,SKU0003
B074389PMT,363069245321,Z2lSWlZTdWw=
B0000CCY1S,363069245325,SKU0050
1789081904,363069245328,Ym5UVFtVd20=
1529014069,363069245330,ZWlQX1dQcWI=
B016YENAUC,363069245334,Z25XW1dZd2I=
B0051ZH9DU,363069245337,SKU0041
B017CZJDVW,363069245338,SKU0026
B07F2X97PW,363069245340,ZGldWllSdGQ=
B00IRSMZR8,363069245341,SKU0079
B003ZV50AQ,363069245344,Z2lQXltZdg==
B0001E41FU,363069245345,SKU0104
B00PBOLSTC,363069245346,SKU0010
B01BGGXDO6,363069245348,SKU0049
B07KLPTWSR,363069245351,Y2FUXFdZc2Q=
1612436862,363069245353,Z2FQVV1Vcmw=
B073KTPNDR,363069245355,Z2BVVFtYc2A=
B07YGQBHJL,363069245358,SKU0006
B01D4GA4AM,363069245361,SKU0017
B00VB08BI6,363069245365,Z2pSWVZRfWU=
B01N4U67KX,363069245366,ZGBUVVZQdmI=
B07H45NV4F,363069245367,SKU0004
B000TAUF92,363069245370,SKU0070
B079Z6X596,363069245371,Z2hRXllWdWE=
B07H7GPVN2,363069245372,YG1TXF5Zd2c=
B005DUW6EK,363069245373,SKU0021
B00TQ5EXQM,363069245374,ZGBdVF1Tdw==
B00099ZUL6,363069245376,ZG9VWV5YfQ==
B07GXMBMFK,363069245378,ZGhSWF9TdGc=
B0013GATGK,363069245381,SKU0033
B06XKVRGYF,363069245383,Ym5RXFxUcA==
B000A42CFC,363069245384,YmpSWltTdQ==
B00122ZKXM,363069245385,SKU0025
B0006NNJY0,363069245388,YmFdVFhYc2Q=
B000TAT3W2,363069245389,SKU0053
B00LMDWOEO,363069245390,SKU0108
1467924997,363069245392,YG1TXF5ZcWA=
B00ZP43X4Q,363069245387,YG5SWl9Zcw==
B00YOX4JU6,363069245394,b21TXVxTcQ==
B00UAKY060,363069245395,SKU0014
B003GPD51W,363069245397,ZWxXXVdYcQ==
B00000JICB,363069245398,SKU0088
B075JC394T,363069245400,YGFSWldUcQ==
B000ICRJQI,363069245401,SKU0005
B07DHML8R3,363069245403,SKU0045
B0002EXYZ2,363069245404,SKU0095
B00B5RFP84,363069245407,Z2pTXVlXfA==
B072MZZBT5,363069245408,SKU0035
B00VRV66CW,363069245412,ZWhSXFhUdQ==
B002B550D4,363069245413,SKU0018
B079ZS78W4,363069245415,Z2xSW11TcGU=
1785984632,363069245416,YG1TXF5Zdmc=
B019P1KVCG,363069245418,ZW5SWVlVcw==
B073W395GR,363069245419,ZGpQW1tQfGA=
B00OJ3UJ2S,363069245420,SKU0055
B06XB77CSH,363069245421,SKU0060
1908072938,363069245423,YmhcVFlSdA==
B01BY4FFEQ,363069245424,SKU0001
B007KIDP2K,363069245426,Z2xVW1xRc20=
1796555290,363069245427,YG9VXFpTfWw=
B00BFFIKKQ,363069245428,SKU0109
1849838399,363069245429,ZW1cW1lScg==
B00124H48Y,363069245431,ZWhVXlxYdW0=
B00UAKY060,363069245432,SKU0091
1407186671,363069245436,Z2FXXl9TcWw=
B00W7C6THM,363069246283,ZWtdWV9SfA==
B0037W5Y2W,363069246284,ZWlXXltSfGQ=
746060122,363069246285,YG1TXFlVfW0=
B00SEM8V3O,363069246286,ZG1XX1hQcg==
B079BYVC2C,363069246287,ZWlXX1dXfWw=
B01F57VDJE,363069246288,Z2lQXllSfQ==
B016JQDRNU,363069246290,Z2pRVF5Ycg==
8857014169,363069246291,ZWpWXFlXdmY=
B0080S2XFO,363069246292,Z2xXX1dUfA==
B00IAEYN4W,363069246294,Z25TX1pZcmM=
B00FC4ZAIG,363069246296,b2lSVVlRdg==
B00881ZCI8,363069246297,YWpQVVlU
B01MTXNS3F,363069246298,ZGFTXFZXfWY=
1409184676,363069246299,ZGhVXV1Yc2Y=
1526361868,363069246301,Ym5UVF9TdWE=
B00KZIQIOO,363069246302,YG9UXF1TcWQ=
B003XOXAVG,363069246303,ZWxcXlhScA==
B008O4FO14,363069246304,Z2lQXlZYd2Y=
B071CWNYCR,363069246305,Z2tRWFpXd2Q=
1529124387,363069246306,YGlWXVpSfW0=
B0798RG7TM,363069246308,ZWlTXFpWdmw=
B004G6V4ZO,363069246309,Z2pSWFtQdWQ=
1589474783,363069246310,YWpTWldZcg==
B01AMOO9IC,363069246311,Z2lSVF1Zcw==
B00I0VUMBI,363069246312,Ym1VW1xUcg==
B01CGT3W3O,363069246313,ZWlWVVxRfWA=
B000S89UGO,363069246314,YG1TXF5Zdmw=
B00PLYZI6Q,363069246316,ZGhUX1lSdw==
1945251867,363069246317,YG1TXFlUdWU=
B00AW8H4ZO,363069246318,Z21dXF9Zd2E=
B015YJ08W6,363069246319,ZGlUWF9VcmQ=
B00IXL2AIS,363069246320,ZGxUVV9YcmQ=
B014EVN5ZM,363069246321,Z2BWWVxYc2w=
B07FSFPG58,363069246322,ZGBWXltSc2w=
141182865,363069246323,ZWhcXFlZfA==
B01GOFBZ0S,363069246325,YmpQWllRdGQ=
B002W5VMDU,363069246327,bmhQW1tT
B072FKDP8G,363069246324,ZG1SVV5TcWc=
1406372153,363069246326,ZGBQX1tZdQ==
B00GHNQCNS,363069246328,YG9RVVtRdA==
B0194ZB2DK,363069246329,YG1TXFlVd2Q=
000830792X,363069246331,ZG1XW1xUdmI=
B005HXL74I,363069246332,Z25WVVZYcm0=
B0089WNKVC,363069246333,ZWxdXFZRcQ==
B01N491P91,363069246334,Y25RX1dXdA==
B07D4KX63L,363069246335,ZGxWWF1XfGA=
1908261153,363069246336,Z2xXXFtYcw==
241355087,363069246338,YG9VXFpTcmc=
B00HA9EM58,363069246339,Y2lSVVdWcw==
B07TCCLRND,363069246340,Y2pQVV1SdWQ=
185103143X,363069246341,YG1TXFlUcGE=
B00FG1URSI,363069246343,ZGBWXlpYcWA=
1452136319,363069246344,YG1TXFlUc2Q=
B01J3VRG3K,363069246345,Z21cWl5Zd2M=
B07CTDVTC3,363069246346,ZGFWXVZWfGw=
B01M4S5U7X,363069246347,YGpQWFhYcw==
1450540392,363069246348,YG1TXF5ZdmA=
B073HH2Z96,363069246349,ZWxdVVdYdA==
B003672Z5W,363069246351,bmhdW1tWfQ==
1785806343,363069246353,Y2FRVVlSfGw=
B01L8QHXJA,363069246354,Y29RVVlVcw==
B0063FZUG0,363069246355,Z2BSVFlXfA==
B00O29W27O,363069246356,ZGxUXldTdm0=
B00FPMIN8Y,363069246358,ZG5cXV1YfWU=
140871048X,363069246359,ZWpWVFZXcmE=
B00IT4BPSK,363069246361,YmlWWldRdw==
B000WFL6TC,363069246362,b2tRW1pTcA==
B01N7FTWXE,363069246363,Z2pSWFZZcA==
B0071ZLG2I,363069246364,ZWxcXVdZcw==
1788700015,363069246365,ZGtQXlxVfWU=
B07VG92ZL5,363069246366,YG1TXFlUcWw=
1549815636,363069246368,Z2xcXl1RfGM=
B07P5D389J,363069246369,YG1TXF5ZcmU=
B071ZBJX4D,363069246370,ZGhXW1ZXcmU=
B06XP4HK8K,363069246371,ZWBXX1lXcA==
1785211056,363069246374,ZGBQVF1WcA==
1904359116,363069246372,YG1TXFlVdWA=
B072ZSK5DX,363069246373,ZWxSVVtUcg==
B009DH523G,363069246375,YGpVX15Rdw==
B00BSYR7K8,363069246376,YGtSXlhQ
B00OFUGKBY,363069246377,bmldWllTcA==
B072QZ3DQC,363069246378,Z2pVWltRdWI=
1474960022,363069246379,YG1TXFlUfWU=
B000P3DX6K,363069246380,YWhSXFdU
B00169TLE0,363069246382,ZGhVXFZYdw==
B01G3PYWDQ,363069246383,b21WWVtRcg==
B06VTHL51Y,363069246384,Z2tWVV1Vcmc=
B008BHVK30,363069246386,ZG9dXFhXcw==
B07N355W9M,363069246387,Y2FdXlZSdWQ=
B0029PT4KG,363069246388,ZW5RXlpWcw==
B01G8STCF6,363069246389,YW9QXVpYdg==
B01IAABUGE,363069246390,Ym9QWVlRfG0=
B0000DE7JL,363069246391,Z2lRVFZZcw==
1780555822,363069246392,ZG1XWl5YdmU=
1974516083,363069246394,YG5RXlxZcA==
B06Y953MDL,363069246395,YmxUW19Zcmw=
B004Z1JN6M,363069246396,Z2xcXlxYcmE=
B00FBGHJUW,363069246397,b25WXVxR
070872762X,363069246398,Y29cW11Wc2c=
B00NAFDIOM,363069246399,ZWhTVV5YdA==
B01ARZD2MA,363069246400,ZGBVX15UfW0=
1510432256,363069246401,Y29XXVpSdmQ=
B014YMUSAQ,363069246402,Z2xTWl5XdmA=
857113437,363069246403,Ym1SWV9Yd2Q=
1409582612,363069246404,b21WWFdVcA==
B004C5T97O,363069246406,ZGxRXFxYfGQ=
1789461723,363069246407,YGlUXVdYc2E=
B000E8S8XO,363069246410,b25RX1pY
B00IG330O6,363069246411,ZG9dXl5Wcg==
B01KJXCHM6,363069246414,ZW1cW1dVcg==
B00OG2A1DO,363069246409,Z2hcXlxVdGQ=
B01N102OR7,363069246412,YmFcX15Sdw==
B00AU0MGY8,363069246415,Z2FUWVdYcWM=
197803623X,363069246416,YG1TXF5ZcWc=
B001NCDE7U,363069246417,YG1TX1pZcg==
B07XGBKXLH,363069246418,YG1TXFlUcGw=
1592337619,363069246419,Y2xUWlZQdQ==
B01EL5V7TC,363069246420,ZWlVVVlQcw==
B001VRGX02,363069246422,Z2xcXlxZc2I=
B009C6RH9U,363069246423,YG1TXFlUc2Y=
B06W9NJTKV,363069246424,bmhRXl1UdA==
B01MRHZZD6,363069246425,ZWlXXlhTdGE=
B01BLAHSGQ,363069246426,Y2FdXlpYdWw=
1780552025,363069246428,Z2hTVFtVd2A=
B001EJOHYG,363069246429,Y2lSVFdRfQ==
B06XNM85C7,363069246430,Z2FcWVZYcGE=
762462876,363069246431,Z2FRVVZQcGM=
199961075X,363069246433,Y2pRW1xXfWY=
1782215360,363069246434,Z2FSXltXc2U=
B0158W1R74,363069246435,Z2hdW1tTc2E=
B07HWT2FKD,363069246436,YGlXVF1Qd2Q=
B002NKQ8OW,363069246437,Z2ldXFZXdGI=
B001AXFDRQ,363069246438,ZGxTVF9QfA==
B00NP0N1EY,363069246439,YG1TXFlVdWw=
B016GYYWQQ,363069246440,YG1TXF5ZdmY=
B07GWLTJ12,363069246441,YG1TXF5YcGc=
745977820,363069246443,YG1TXFlUcmU=
1438266758,363069246444,Y2BXWV9UcGA=
1474960049,363069246445,YG1TXF5ZfGI=
B015VEAR8Y,363069246446,YWtdVF9ZcQ==
B01BWLMPZS,363069246447,Z21SVV5UfWU=
B005OREPRS,363069246449,YG1TXFlUcW0=
B005L0XOK2,363069246450,ZGBQW1tWcg==
B004ZDXHRQ,363069246451,YG1TXF5ZfGA=
B076J8KFKP,363069246453,YG1TXFlUfWM=
B079PCLKMF,363069246454,ZGhRXVdWdGI=
B07QRYMHPV,363069246455,Y29RVVlVdGE=
B01LZVEO78,363069246456,ZGBRVV9VdA==
B008MY8PLM,363069246459,YW9XWVZVdg==
B01LBO9N7Y,363069246462,Z2pUW1xTcmY=
B0793PL7ZZ,363069246464,ZGxUWlpWd2Q=
1473635489,363069246460,ZW5VXFlUcg==
B0049U3WPM,363069246461,YG1TXF5ZcWU=
B00AU17L8S,363069246465,Z2lQXV5Sdw==
1906465592,363069246466,ZGBQWVhYfQ==
060063566X,363069246467,Z2pQXlZRfGM=
B0041SFJVM,363069246468,Z29WVVtScGY=
B00CIJZD5S,363069246469,Z2hcVF9TdmE=
B00C1W12MK,363069246470,ZGFQWlxQdQ==
B00GFS4T6M,363069246471,YG1WWltRdQ==
B0063HMT30,363069246472,YG1TXF5ZcmI=
B07FZW61SC,363069246473,ZGlWWlZXcGM=
B07NF2CYK2,363069246474,YG1TXF5ZdWY=
B0745JG8YT,363069246475,Z2BdXF9TcWA=
B005NYEM34,363069246476,YG1TXFlUcWI=
B0069RLVH4,363069246477,Z2lRW1tScQ==
000828542X,363069246479,YG1TXF5ZdWE=
B0797VH3MJ,363069246480,Z2BVVF1YcmA=
B00961KPUE,363069246481,ZGBQXFhWdQ==
B00N5X412M,363069246482,ZG5RX1tYcA==
B07KGBZTF4,363069246483,ZWpcVFtZcWU=
B01MU5YPGI,363069246484,ZGlXVF5Sdw==
B0010V7CFO,363069246485,ZG9dXVpSdQ==
B003UDV4SQ,363069246486,ZGFVWF5Sdw==
1849381577,363069246487,YG9VXFpSdmc=
179294148X,363069246488,YG9VXFpScmU=
B07DPHDPPH,363069246489,Z29cXVZYcWc=
B01HBTKF7A,363069246491,Z2xXW1hWfWQ=
B01M0SANKN,363069246492,ZGpcWldRdQ==
B016OL0AVC,363069246493,b2pQXltSdg==
B005MYB35K,363069246494,ZWxdXFhWdw==
B01BBVPXFS,363069246496,ZGBRVV5ZdA==
B007CI0ZBC,363069246497,Z2lQXVpVfA==
1849154236,363069246498,ZGhQXV5Wcg==
B002S0NMZU,363069246500,ZWxcXVtZdQ==
B01MZAGFE7,363069246501,ZGpQVF1YcWI=
B007EB8C1W,363069246499,ZGxTVFhSdw==
B06ZY6MLW6,363069246502,YG1TXFlUcmA=
1405288698,363069246503,YGhVXl5Ycw==
B0743LPYDH,363069246504,Z2tQXF1TdGQ=
1781485259,363069246505,YG1TXFlUc2E=
B077G52H98,363069246506,Z2ldXFZTfGQ=
B0197TY1D6,363069246508,YmpcW1ZZcw==
B06XQYD3H5,363069246511,Z2hdWFhVfGA=
B004IK8CCG,363069246512,ZGBRVFtRfA==
711974314,363069246513,YG1TXFlSfGA=
B07GXLB5Z8,363069246517,ZGxSWV9Td2w=
1474948057,363069246518,YG1TXFlUcWM=
B07HRKP6HS,363069246519,ZG9dXFZXcG0=
B007ZPWIQC,363069246545,YmBcVFZZcA==
B00EKIPFR6,363069248821,Z25TWllTdWc=
B003BG4VIW,363069248822,Y2xRWldWcmE=
B074K51LND,363069248826,YW5cWlxQdw==
B00361NV88,363069248827,YWhTXF5W
B07JX76JV9,363069248831,YmlQVVlQfGY=
B004INXTIK,363069248832,YG1TXV5RcGQ=
B000IMFJ7Y,363069248834,ZG9SVFxWfA==
141397985,363069248837,ZWlRVFZVdQ==
B01M188L3L,363069248840,ZGxXWFxYdWE=
8298149,363069248830,YmhSXlhRc2Q=
B01IW5ES52,363069248839,ZW9WW15Qdw==
B000KU941G,363069248841,ZWpSWVdXcA==
B00VC1ERPA,363069248842,ZGlXVF5QfA==
B00PJW5Q26,363069248843,YG1cXVpTcw==
B0002E3GBY,363069248844,YWhSXFxZdQ==
B07LB8B7RK,363069248845,YmtWXVZTc2Q=
B007VL74I2,363069248847,Z2pQXF1Sdw==
B073B6MPK9,363069248848,YG1TXFlVd2c=
B007CH0M70,363069248851,ZG1XXV5Vdw==
1785805835,363069248853,Y2FRVVlTcW0=
B0031YFELM,363069248855,Z2tRWVlRdmQ=
B07MYMTL17,363069248862,YGxTXF1WdmE=
B00QV1F1C4,363069248866,Z2tUWVpWdWY=
B00HW06O5G,363069248867,ZGxUX1ZUdWA=
B01CMFPXAW,363069248869,Z2BVXVlUdGw=
B00006IVVD,363069248870,Z25cWltSdQ==
1785807137,363069248871,YG1TXFlVdWE=
B004R96BEO,363069248873,YGtTWlhU
B00RUT3D5S,363069248875,YGhRVFhSdGY=
B0002E1NXC,363069248876,Z2tRWV1UdGI=
319242439,363069248877,ZGpQW1pYcGY=
B00S9QIUJA,363069248878,ZWpQWFpTfGM=
B00EIGD9SC,363069248879,ZWBTXldUcQ==
B004U1HK6C,363069248881,Z2xSXlpVdA==
B07WPDKYLP,363069248882,YGlXVVlQdmE=
8260176,363069248884,YmFXVVpSfQ==
B07P9P79N3,363069248886,Y21SVVZRdmc=
B00UATURWW,363069248887,Z2lQXFZRdw==
B00IPDLXR8,363069248888,Y2FSXVxYfQ==
B07D5VNTTV,363069248893,Z2BVVF1YcmY=
B00KE1LUEK,363069248894,ZGlQWF9YfWE=
B005P21MNW,363069248890,Z2pQX19RdQ==
B06XHGS4JS,363069248895,Z2tUWVtXcW0=
B07SLBZB98,363069248897,Y2tQWVlYdmc=
B0018LS1ZQ,363069248900,Z2BXX1ZXcA==
B0089DTX0S,363069248901,ZG1SVF5RdmA=
1484789741,363069248902,Y2tVXldXfA==
B07PFG1VN3,363069248903,ZW1XWFtWfGc=
B001B7MBIA,363069248904,YG5RXltTdQ==
B00W5F3GJ0,363069248906,ZGxTVFdXdg==
B06ZZJ2LPY,363069248908,YGpSW1hXcg==
B01FJSJ2QK,363069248910,ZGBRVV9Ycg==
B072JSN6RV,363069248912,Z29cXVlQdmQ=
B01LTHMGT0,363069248915,YmpcXFpVdQ==
B07S8LXXKQ,363069248916,YG1TXFlSfWQ=
B001RWZTI8,363069248918,Z2tUWVpTfGU=
B00ZNON8VG,363069248919,Z2hUVVhScWY=
B01JACICRG,363069248921,YG1TXFdYc2M=
B004YWGPO0,363069248922,Z2hRXlZRfWU=
B01LZKRVTD,363069248923,Z25QWldZdWU=
B07JL42TL9,363069248925,YG1TXFlUcGI=
B01CA3XFEM,363069248926,Z2FXWVhQdGM=
B07N4PG4LX,363069248927,ZWpWWFpVc20=
B071G3H25B,363069248930,YGFSWV9ZdQ==
B01A2UZS22,363069248931,ZGFVX15Sdg==
B06XCNNT4B,363069248932,ZGxUXlZSdGI=
B009W14B4Y,363069248934,YGtTXlhVfGQ=
B01M58O8CN,363069248936,Z2xWXVpTfGM=
B01MUF3WBW,363069248937,ZWlXXllQcmA=
B01BLE1CA0,363069248938,Y2lSWV5QcA==
B003IS3HV0,363069248939,Z25cWFdWdw==
B07PGP2DJF,363069248941,YmFWXFhUdGE=
B00JXFXL7W,363069248942,b2BRWVlWfQ==
B00004WP7P,363069248943,YGhXXlxQcWw=
B01AWGZTIO,363069248944,ZWpUW1lQcg==
B07YV7NWDY,363069248946,YGhSWFxTdWY=
B07G761SXS,363069248947,Y2xRW1tZc2w=
B009RNC1BM,363069248948,ZGtWVV1Tdg==
B07VD4ZTTT,363069248949,Y2xXVFdYcGw=
B00A2TRI0Y,363069248952,YGhRWV9ScGY=
B000YJF3XQ,363069248953,bmhQWlpS
B07FSGTBXH,363069248955,ZGhSWFxWfWQ=
B00I5PR0T6,363069248956,ZWlXXlhSc2U=
B01CYHL9LK,363069248960,ZWtTXFxRdGY=
B015FEY5OM,363069248962,Z2tUWVpWc20=
B016YENHCI,363069248963,YmhRXFlRcA==
B01MRGY6G6,363069248964,bmtUXlpZ
600630579,363069248965,ZWhcW1dWdQ==
B071X2CM7C,363069248967,YWhTWFpVdg==
B002PHLZJ6,363069248969,ZGhdVF5QdA==
1860542824,363069248970,YmhcW15ZfQ==
B000MWRM8Y,363069248971,ZWxdVVlQcg==
B07DQ91XNK,363069248972,Z2BdXl9VfWM=
1316503992,363069248973,Y2BVWl5XdG0=
B005FPD49E,363069248975,bmpXVV1Wdw==
708727573,363069248977,Y29RX1pUc2w=
B07BQFT5N1,363069248981,ZGFTXFdVfW0=
B06XZZ6NXS,363069248982,Y2pUWlZVcA==
B06X6D51YV,363069248983,Y2FdXFhVcGE=
B018VWH5FQ,363069248984,Z2lRWlpZcWI=
B06ZZ4L98F,363069248985,Z2hcX1dXfWQ=
B07DG2THR8,363069248987,YGhSX1lZcmE=
B007HP04UM,363069248988,Z2lRWldUfQ==
B0045J1R5O,363069248989,Z2hQW1tXfWY=
B00PG9FDNY,363069248990,Z2pTVVhZd2M=
B000UVZU1S,363069248991,ZG1TWlZSdg==
1785996266,363069248992,YG1TXF9VcWA=
B072J2K78F,363069248993,YmlXWF1Rdg==
B011UJ5TSC,363069248994,bmhTW1hT
1782439072,363069248996,YmpWX19Rdg==
B000PBT3T8,363069248997,YmtRVF9ScQ==
B072MCNGMQ,363069248998,YmhRXV9WfQ==
B076LZ4XGK,363069248995,Z2lVWl9Tc2c=
B000LFRYG2,363069249000,Z25WWltVdw==
B00Y19A9BQ,363069249001,ZWpXXV5Rcg==
B00O9YNKB4,363069249002,Z29cXl1WdmM=
B07BWMNVQC,363069249003,YG1TXFlVdWM=
B003TNWJ1I,363069249008,ZWxdVV9RdQ==
B005CX4KQ0,363069249010,ZW5QWFZRdA==
B00YVHGTBM,363069249011,Z2BSX1ZQcg==
B07D7TGGKM,363069249015,YGhcWF5ZdWQ=
B01BMGM3JG,363069249016,ZGlcVV9Rcmw=
B015QEBTHW,363069249017,ZWpQVFZVdGY=
B000MAPHTW,363069249019,YWtTWV1ZdQ==
B074PXS439,363069249020,Z2tSXltQfWE=
B0027SFPIU,363069249021,Z2FXW1dXc2w=
B07N6QQXVK,363069249022,Y2lXXVdRfGQ=
B07DTMNYPP,363069249023,ZGxUX11Qd2M=
1409599345,363069249025,YGlQXVhWcA==
B00SFLCTDC,363069249026,YmxTVFhSdmY=
B001NCDC4K,363069249027,Z2lRVV1XfQ==
1509836071,363069249028,Y29XVV1Ucw==
1408882191,363069249030,YWpSXl5Xcg==
B06XC84CKH,363069249032,ZWFTW1pQdg==
B00JFRO6FE,363069249034,ZWxWXVhQc2I=
B078N49W1V,363069249036,ZGlcVV1WdGM=
B006J8HRTO,363069249037,Y25TXVZQdA==
B07BMSBD3F,363069249038,YGlXVF5YcGE=
B01EJ2DMOU,363069249039,Y29XXVdUd2M=
B01D37GTY2,363069249040,YWhdXF5Y
B00GJOHJBY,363069249041,Z21dW1dYd2M=
B00GUDVUXW,363069249043,ZG9dXFpVfQ==
B002NY761W,363069249044,b2xcWFpScg==
B077YQQ79T,363069249045,Z29VVV1VdmE=
B071CGJNHS,363069249047,YGhSX1pXdWQ=
B0009R3I8A,363069249048,b2BRW1xSdw==
B07RB9NYP4,363069249049,YG1SXV1XdGM=
B017W3Y7SI,363069249051,Z25cWVxVcw==
B07QF98Y88,363069249053,Y2BTXl5XdmQ=
B00U6IC4BE,363069249054,Z2tTXFxZfGY=
B079RJLMFP,363069249055,ZGxVVVhScGI=
B002SPGZAE,363069249056,ZGFQWlxUcA==
B073ZLKM9G,363069249057,ZGxUWFxQdWQ=
B072KR3XL2,363069249060,YGxXVFxWfGU=
B00076CFYG,363069249061,Z2tQXFtYfWI=
B075QBPDBD,363069249062,Z2pSXFdSdmU=
1526380153,363069249063,Y2BVVV5ZcmI=
B0725PD3RT,363069249064,ZWpSX11UdmA=
B001JR5VZW,363069249065,Ym9SX1dWc2E=
B010G6972O,363069249067,ZGBSWVpRcQ==
B00HWUOLJC,363069249068,ZG9dXVlQdQ==
B00WQT4PCC,363069249070,Y29SVVZWdm0=
B07G9ZFGXL,363069249071,YGhTXVhQcWA=
708727654,363069249072,YG1TXFlUcWc=
B010T1RCVO,363069249074,Z2xUXlpTdg==
B075Z3K6N1,363069249076,YGhSX1pYdGM=
B0078PX6DI,363069249077,ZWlUVVhWdmE=
B01MY2BOZN,363069249078,ZGhQWVdWfWI=
B008G02MHK,363069249079,Y2pUX1dYcw==
B012HEK44S,363069249080,Y2BXXVxVdQ==
B01BVP4MIS,363069249081,Z25SW1xWcQ==
B07B7KT3G6,363069249082,ZGhcW1xXd2Q=
B07PCLXG8V,363069249083,YmBRW11VfWQ=
B005454IB8,363069249084,YW9WXF9ScA==
B00HYXQPBE,363069249085,ZGBSWldXc2M=
B00Q7R1GN0,363069249089,YGhTVVtWdWc=
B000U703GE,363069249090,YGlVWFdTcG0=
B07D34SNJB,363069249091,YGlXVFlTdmA=
B07K2RNQJ4,363069249092,ZGFdXFlYcmM=
723292116,363069249093,ZGBQXV9UcQ==
B001ANVINO,363069249095,ZWpdWVdXdQ==
B000S5N6E4,363069249096,bm9XW1ZVfA==
B0758JS7FG,363069249097,Z2hUX1hTc2U=
B06Y5SDWBS,363069249098,Z25XXF5ScWU=
B000Y854WC,363069249099,ZGlVWlhZfA==
B000NT2EO8,363069249100,Z2lRW11SdA==
B00L6PUFBC,363069249104,Z2lQXVtXdw==
B015Q8T26I,363069249102,YGlQXlhYdWA=
B001D34Z9U,363069249103,ZGhdVVxUdA==
B00004WKPM,363069249106,Y2BUVVpZdQ==
B005D4O0LS,363069249107,bmFUXFhVdg==
B019DT8RYE,363069249109,b2xSVV9SdQ==
B07QN8PYL5,363069249112,Y2BQWVdTfW0=
B075DR9ZPT,363069249113,b2BVXFhTdA==
B01GOLHFCO,363069249115,Z2hdXFdQdGI=
B00QRRZ2QM,363069249116,ZGxUWF1XcmY=
B0776S2TT1,363069249121,Y2hSWF1WfWA=
B01M2442NR,363069249122,Z2FXXltXdWY=
B000TKHB76,363069249123,Z2ldW1dSfWI=
B01MU38V7E,363069248868,YmlTVFZZfGU=
